timestamp,method,optimizer,problem,MSE_test_mean,MSE_test_std,MSE_sur_real_mean,MSE_sur_real_std,HV_sur_mean,HV_sur_std,HV_real_mean,HV_real_std
2026-06-17T21:56:29+00:00,GPR-RBF,NSGA-II,re21,4.92E-06,8.47E-22,5.49E-05,1.50E-06,5.72E-01,4.94E-04,5.72E-01,5.02E-04
2026-06-17T21:56:29+00:00,GPR-RBF,Dual-Ranking+NSGA-II,re21,4.92E-06,8.47E-22,5.43E-05,2.25E-06,5.72E-01,1.32E-03,5.72E-01,1.32E-03
2026-06-17T21:58:41+00:00,GPR-RBF,NSGA-II,re22,3.11E+04,3.64E-12,2.26E+18,8.37E+18,1.20E+00,5.80E-04,1.20E+00,2.94E-09
2026-06-17T21:58:41+00:00,GPR-RBF,Dual-Ranking+NSGA-II,re22,3.11E+04,3.64E-12,7.42E+17,2.40E+18,1.20E+00,4.56E-04,1.20E+00,2.79E-08
2026-06-17T22:01:08+00:00,GPR-RBF,NSGA-II,re23,7.62E+10,0,4.31E+09,1.02E+09,9.90E-01,2.22E-02,1.10E+00,4.66E-02
2026-06-17T22:01:08+00:00,GPR-RBF,Dual-Ranking+NSGA-II,re23,7.62E+10,0,1.01E+10,2.87E+10,9.89E-01,2.36E-02,1.10E+00,4.60E-02
2026-06-17T22:03:27+00:00,GPR-RBF,NSGA-II,re24,1.85E-01,2.78E-17,1.61E+01,3.41E+00,1.19E+00,1.04E-05,1.18E+00,1.19E-05
2026-06-17T22:03:27+00:00,GPR-RBF,Dual-Ranking+NSGA-II,re24,1.85E-01,2.78E-17,1.60E+01,3.27E+00,1.19E+00,1.08E-05,1.18E+00,1.07E-05
2026-06-17T22:05:41+00:00,GPR-RBF,NSGA-II,re25,7.90E+09,9.54E-07,1.03E+09,5.10E+07,1.14E+00,1.47E-05,1.12E+00,9.96E-11
2026-06-17T22:05:41+00:00,GPR-RBF,Dual-Ranking+NSGA-II,re25,7.90E+09,9.54E-07,1.04E+09,3.79E+07,1.14E+00,1.13E-05,1.12E+00,2.06E-10
2026-06-17T22:07:46+00:00,GPR-RBF,NSGA-II,mo-portfolio,4.56E-09,8.27E-25,5.30E-06,1.02E-06,2.94E-01,1.15E-02,2.86E-01,1.13E-02
2026-06-17T22:07:46+00:00,GPR-RBF,Dual-Ranking+NSGA-II,mo-portfolio,4.56E-09,8.27E-25,4.99E-06,9.84E-07,2.91E-01,1.30E-02,2.83E-01,1.29E-02
2026-06-17T22:10:24+00:00,GPR-RBF,NSGA-II,truss2d,2.74E+12,4.88E-04,1.01E+09,6.18E+07,1.13E+00,6.81E-03,1.13E+00,6.80E-03
2026-06-17T22:10:24+00:00,GPR-RBF,Dual-Ranking+NSGA-II,truss2d,2.74E+12,4.88E-04,1.02E+09,6.12E+07,1.13E+00,7.23E-03,1.13E+00,7.21E-03
2026-06-17T22:12:58+00:00,GPR-RBF,NSGA-II,welded_beam,2.07E+04,3.64E-12,3.88E+03,1.75E+03,9.64E-01,5.62E-02,5.92E-01,2.27E-03
2026-06-17T22:12:58+00:00,GPR-RBF,Dual-Ranking+NSGA-II,welded_beam,2.07E+04,3.64E-12,4.86E+03,1.10E+03,9.75E-01,3.63E-02,5.92E-01,2.82E-03
2026-06-17T21:56:45+00:00,GPR-Matern,NSGA-II,re21,3.28E-06,8.47E-22,7.91E-05,3.28E-06,5.72E-01,5.22E-04,5.72E-01,5.07E-04
2026-06-17T21:56:45+00:00,GPR-Matern,Dual-Ranking+NSGA-II,re21,3.28E-06,8.47E-22,7.89E-05,2.64E-06,5.72E-01,5.18E-04,5.72E-01,4.96E-04
2026-06-17T21:59:08+00:00,GPR-Matern,NSGA-II,re22,3.25E+04,7.28E-12,1.54E+15,7.77E+15,1.20E+00,5.49E-04,1.20E+00,1.82E-08
2026-06-17T21:59:08+00:00,GPR-Matern,Dual-Ranking+NSGA-II,re22,3.25E+04,7.28E-12,4.33E+18,2.33E+19,1.20E+00,5.01E-04,1.20E+00,2.16E-07
2026-06-17T22:01:45+00:00,GPR-Matern,NSGA-II,re23,7.62E+10,1.53E-05,1.48E+10,5.69E+10,1.00E+00,2.20E-02,1.12E+00,4.90E-02
2026-06-17T22:01:45+00:00,GPR-Matern,Dual-Ranking+NSGA-II,re23,7.62E+10,1.53E-05,1.38E+10,5.26E+10,9.93E-01,2.22E-02,1.11E+00,4.74E-02
2026-06-17T22:04:15+00:00,GPR-Matern,NSGA-II,re24,2.06E-01,5.55E-17,1.91E+01,3.92E+00,1.20E+00,1.45E-05,1.18E+00,1.73E-05
2026-06-17T22:04:15+00:00,GPR-Matern,Dual-Ranking+NSGA-II,re24,2.06E-01,5.55E-17,1.89E+01,5.32E+00,1.20E+00,5.75E-05,1.18E+00,5.20E-05
2026-06-17T22:06:36+00:00,GPR-Matern,NSGA-II,re25,8.90E+09,1.91E-06,1.12E+08,3.11E+07,1.13E+00,4.60E-04,1.12E+00,2.17E-06
2026-06-17T22:06:36+00:00,GPR-Matern,Dual-Ranking+NSGA-II,re25,8.90E+09,1.91E-06,6.19E+09,3.99E+09,1.13E+00,6.13E-04,1.12E+00,1.86E-04
2026-06-17T22:08:50+00:00,GPR-Matern,NSGA-II,mo-portfolio,2.30E-09,4.14E-25,6.58E-06,1.21E-06,2.98E-01,8.67E-03,2.89E-01,8.57E-03
2026-06-17T22:08:50+00:00,GPR-Matern,Dual-Ranking+NSGA-II,mo-portfolio,2.30E-09,4.14E-25,6.21E-06,1.05E-06,2.98E-01,9.85E-03,2.89E-01,9.85E-03
2026-06-17T22:11:35+00:00,GPR-Matern,NSGA-II,truss2d,2.74E+12,4.88E-04,1.06E+09,7.90E+07,1.13E+00,6.51E-03,1.13E+00,6.48E-03
2026-06-17T22:11:35+00:00,GPR-Matern,Dual-Ranking+NSGA-II,truss2d,2.74E+12,4.88E-04,9.43E+08,1.02E+08,1.13E+00,5.35E-03,1.13E+00,5.35E-03
2026-06-17T22:14:21+00:00,GPR-Matern,NSGA-II,welded_beam,3.02E+02,5.68E-14,5.52E-01,4.48E-01,5.96E-01,2.41E-03,5.92E-01,2.01E-03
2026-06-17T22:14:21+00:00,GPR-Matern,Dual-Ranking+NSGA-II,welded_beam,3.02E+02,5.68E-14,8.04E-01,4.03E-01,5.97E-01,2.07E-03,5.92E-01,1.58E-03
2026-06-17T21:39:57+01:00,QR,NSGA-II,re21,7.24E+01,0,1.23E+03,1.66E+02,5.22E-01,1.50E-04,5.71E-01,5.77E-04
2026-06-17T21:39:57+01:00,QR,NSGA-II,re22,3.49E+03,4.55E-13,3.55E+03,6.79E+03,1.16E+00,2.18E-05,1.20E+00,2.61E-07
2026-06-17T21:39:57+01:00,QR,NSGA-II,re23,1.42E+09,0,1.18E+11,1.05E+10,1.21E+00,6.55E-04,1.21E+00,1.94E-05
2026-06-17T21:39:57+01:00,QR,NSGA-II,re24,4.31E+01,7.11E-15,5.10E+01,5.50E+00,1.18E+00,6.53E-06,1.18E+00,5.89E-04
2026-06-17T21:39:57+01:00,QR,NSGA-II,re25,2.90E+10,0,1.75E+10,1.15E+09,1.12E+00,8.37E-05,1.12E+00,1.66E-06
2026-06-17T21:39:57+01:00,QR,NSGA-II,mo-portfolio,2.65E-06,0,7.39E-04,1.10E-04,1.43E-01,8.65E-05,2.44E-01,4.24E-03
2026-06-17T21:39:57+01:00,QR,NSGA-II,truss2d,2.57E+12,0,1.09E+08,1.66E+07,1.11E+00,1.29E-03,1.13E+00,3.17E-03
2026-06-17T21:39:57+01:00,QR,NSGA-II,welded_beam,4.46E+02,5.68E-14,3.69E-01,1.39E-01,5.91E-01,2.97E-04,5.93E-01,8.27E-04
2026-06-17T21:39:57+01:00,QR,Dual-Ranking+NSGA-II,re21,7.24E+01,0,1.29E+03,1.75E+02,5.21E-01,3.46E-04,5.71E-01,1.20E-03
2026-06-17T21:39:57+01:00,QR,Dual-Ranking+NSGA-II,re22,3.49E+03,4.55E-13,5.17E+03,1.36E+04,1.16E+00,8.41E-05,1.20E+00,3.28E-06
2026-06-17T21:39:57+01:00,QR,Dual-Ranking+NSGA-II,re23,1.42E+09,0,8.45E+10,9.98E+09,1.21E+00,6.11E-04,1.21E+00,1.49E-04
2026-06-17T21:39:57+01:00,QR,Dual-Ranking+NSGA-II,re24,4.31E+01,7.11E-15,5.72E+01,7.32E+00,1.18E+00,9.84E-06,1.19E+00,6.64E-04
2026-06-17T21:39:57+01:00,QR,Dual-Ranking+NSGA-II,re25,2.90E+10,0,1.66E+10,1.61E+09,1.12E+00,1.63E-04,1.12E+00,2.83E-06
2026-06-17T21:39:57+01:00,QR,Dual-Ranking+NSGA-II,mo-portfolio,2.65E-06,0,9.01E-04,1.46E-04,1.43E-01,6.41E-05,2.52E-01,6.09E-03
2026-06-17T21:39:57+01:00,QR,Dual-Ranking+NSGA-II,truss2d,2.57E+12,0,5.09E+07,1.11E+07,1.11E+00,6.18E-04,1.13E+00,2.47E-03
2026-06-17T21:39:57+01:00,QR,Dual-Ranking+NSGA-II,welded_beam,4.46E+02,5.68E-14,3.29E+01,9.22E+00,5.91E-01,2.93E-04,5.93E-01,7.07E-04
2026-06-18T15:28:46+01:00,BNN,NSGA-II,re23,2.41E+10,3.82E-06,4.72E+10,4.02E+10,1.12E+00,2.39E-04,1.20E+00,3.97E-03
2026-06-18T15:28:46+01:00,BNN,Dual-Ranking+NSGA-II,re23,2.41E+10,3.82E-06,3.85E+10,2.74E+10,1.12E+00,2.30E-04,1.20E+00,3.50E-03
2026-06-18T15:32:39+01:00,BNN,NSGA-II,re24,4.89E+01,2.13E-14,6.12E+01,6.22E+00,1.18E+00,1.33E-05,1.19E+00,3.56E-05
2026-06-18T15:32:39+01:00,BNN,Dual-Ranking+NSGA-II,re24,4.89E+01,2.13E-14,6.88E+01,7.46E+00,1.18E+00,1.91E-05,1.19E+00,6.05E-05
2026-06-18T15:33:00+01:00,BNN,NSGA-II,re22,1.50E+03,2.27E-13,1.52E+11,4.84E+11,1.21E+00,4.93E-08,1.20E+00,5.70E-14
2026-06-18T15:33:00+01:00,BNN,Dual-Ranking+NSGA-II,re22,1.50E+03,2.27E-13,2.26E+08,5.52E+08,1.21E+00,3.23E-07,1.20E+00,6.79E-10
2026-06-18T15:33:09+01:00,BNN,NSGA-II,re21,1.02E+02,2.84E-14,1.32E+03,8.94E+01,5.40E-01,1.43E-04,5.61E-01,7.70E-04
2026-06-18T15:33:09+01:00,BNN,Dual-Ranking+NSGA-II,re21,1.02E+02,2.84E-14,1.35E+03,1.06E+02,5.40E-01,3.08E-04,5.61E-01,7.91E-04
2026-06-18T15:59:29+01:00,BNN,NSGA-II,re25,7.86E+11,1.22E-04,6.96E+11,3.54E+10,1.06E+00,2.07E-06,1.12E+00,7.63E-04
2026-06-18T15:59:29+01:00,BNN,Dual-Ranking+NSGA-II,re25,7.86E+11,1.22E-04,6.51E+11,4.73E+10,1.06E+00,1.83E-06,1.12E+00,9.08E-04
2026-06-18T16:00:35+01:00,BNN,NSGA-II,truss2d,2.75E+12,0,8.45E+08,2.50E+07,6.94E-01,5.68E-07,1.12E+00,3.10E-04
2026-06-18T16:00:35+01:00,BNN,Dual-Ranking+NSGA-II,truss2d,2.75E+12,0,8.07E+08,3.16E+07,6.94E-01,7.35E-07,1.12E+00,4.37E-04
2026-06-18T16:04:17+01:00,BNN,NSGA-II,mo-portfolio,2.30E-06,4.24E-22,7.63E-03,1.26E-03,1.79E-01,4.76E-04,1.66E-01,2.95E-02
2026-06-18T16:04:17+01:00,BNN,Dual-Ranking+NSGA-II,mo-portfolio,2.30E-06,4.24E-22,6.87E-03,1.20E-03,1.79E-01,3.48E-04,1.75E-01,2.74E-02
2026-06-18T16:04:47+01:00,BNN,NSGA-II,welded_beam,1.59E+03,6.82E-13,5.41E+01,7.29E+00,5.62E-01,1.25E-03,5.91E-01,1.28E-03
2026-06-18T16:04:47+01:00,BNN,Dual-Ranking+NSGA-II,welded_beam,1.59E+03,6.82E-13,5.37E+01,5.32E+00,5.63E-01,8.38E-04,5.90E-01,1.28E-03
2026-06-17T19:28:27+01:00,Prob-RVEA,Prob-RVEA,re21,2.29E+06,9.31E-10,2.43E+06,7.97E+05,7.24E-01,1.75E-01,2.20E-01,4.56E-02
2026-06-17T19:28:27+01:00,Prob-RVEA,Prob-RVEA,re22,7.09E+05,1.16E-10,3.32E+11,1.79E+12,1.21E+00,0,8.07E-01,1.83E-01
2026-06-17T19:28:27+01:00,Prob-RVEA,Prob-RVEA,re23,6.45E+09,0,4.61E+10,1.09E+09,1.52E+00,4.38E-03,1.21E+00,1.11E-03
2026-06-17T19:28:27+01:00,Prob-RVEA,Prob-RVEA,re24,7.42E-02,1.39E-17,7.77E+01,1.33E+01,1.18E+00,3.36E-03,1.17E+00,1.93E-03
2026-06-17T19:28:27+01:00,Prob-RVEA,Prob-RVEA,re25,1.06E+12,2.44E-04,4.66E+12,7.67E+12,1.25E+00,7.60E-02,1.11E+00,3.25E-03
2026-06-17T19:28:27+01:00,Prob-RVEA,Prob-RVEA,mo-portfolio,6.63E-06,1.69E-21,2.89E-04,8.05E-05,0,0,0,0
2026-06-17T19:28:27+01:00,Prob-RVEA,Prob-RVEA,truss2d,4.65E+10,7.63E-06,3.46E+14,1.82E+15,1.53E-01,2.80E-01,1.51E-01,2.79E-01
2026-06-17T19:28:27+01:00,Prob-RVEA,Prob-RVEA,welded_beam,8.06E+02,3.41E-13,3.60E+05,5.08E+05,6.02E-01,2.03E-03,5.98E-01,3.20E-04
2026-06-18T18:32:55+01:00,Prob-MOEA/D,Prob-MOEA/D,re22,7.09E+05,1.16E-10,2.02E+05,4.28E+05,1.21E+00,0,8.61E-01,2.38E-01
2026-06-18T18:34:00+01:00,Prob-MOEA/D,Prob-MOEA/D,welded_beam,8.06E+02,3.41E-13,3.02E+04,7.04E+04,6.00E-01,4.46E-04,5.96E-01,2.37E-03
2026-06-18T18:34:09+01:00,Prob-MOEA/D,Prob-MOEA/D,re24,7.42E-02,0,9.07E+00,1.55E+01,1.19E+00,1.32E-03,1.18E+00,4.08E-03
2026-06-18T18:34:16+01:00,Prob-MOEA/D,Prob-MOEA/D,re21,2.29E+06,9.31E-10,2.57E+06,6.49E+05,8.96E-01,1.28E-01,3.05E-01,5.49E-02
2026-06-18T18:34:40+01:00,Prob-MOEA/D,Prob-MOEA/D,re25,1.06E+12,2.44E-04,3.98E+12,6.27E+12,1.22E+00,9.96E-02,1.04E+00,9.52E-02
2026-06-18T18:34:48+01:00,Prob-MOEA/D,Prob-MOEA/D,re23,6.45E+09,0,2.04E+10,1.53E+10,1.45E+00,6.99E-02,1.21E+00,2.59E-04
2026-06-18T18:35:27+01:00,Prob-MOEA/D,Prob-MOEA/D,mo-portfolio,6.63E-06,8.47E-22,1.68E-05,1.08E-05,0,0,0,0
2026-06-18T18:36:10+01:00,Prob-MOEA/D,Prob-MOEA/D,truss2d,4.65E+10,7.63E-06,5.92E+38,3.19E+39,1.91E-01,2.42E-01,1.61E-01,2.05E-01
2026-06-17T14:40:28+01:00,TGPR-MO,TGPR-MO,re21,2.63E+03,0,4.94E+03,7.03E+02,5.48E-01,1.33E-03,5.46E-01,5.79E-03
2026-06-17T14:40:28+01:00,TGPR-MO,TGPR-MO,re22,3.93E+05,1.16E-10,3.03E+03,1.04E+02,1.20E+00,6.04E-07,1.20E+00,3.78E-06
2026-06-17T14:40:28+01:00,TGPR-MO,TGPR-MO,re23,1.07E+10,1.91E-06,7.32E+10,4.90E+09,1.21E+00,1.50E-05,1.21E+00,2.64E-05
2026-06-17T14:40:28+01:00,TGPR-MO,TGPR-MO,re24,1.43E+04,1.82E-12,2.60E+01,1.99E+00,1.19E+00,2.39E-06,1.18E+00,7.99E-04
2026-06-17T14:40:28+01:00,TGPR-MO,TGPR-MO,re25,2.42E+11,3.05E-05,3.86E+04,2.32E+02,1.12E+00,3.61E-07,1.12E+00,5.17E-06
2026-06-17T14:40:28+01:00,TGPR-MO,TGPR-MO,mo-portfolio,4.76E-06,0,4.38E-04,1.48E-04,7.98E-05,4.30E-04,3.95E-04,2.13E-03
2026-06-17T14:40:28+01:00,TGPR-MO,TGPR-MO,truss2d,3.14E+10,7.63E-06,4.65E+12,1.37E+13,1.19E+00,1.45E-02,1.19E+00,1.43E-02
2026-06-17T14:40:28+01:00,TGPR-MO,TGPR-MO,welded_beam,9.86E+02,2.27E-13,4.84E+06,2.51E+06,6.00E-01,8.69E-04,5.98E-01,1.53E-04
2026-06-17T14:36:15+01:00,DDMOEA-GAN,DDMOEA-GAN,re21,1.16E+05,0,1.06E+06,5.65E+04,9.81E-01,1.19E-03,3.95E-01,4.32E-02
2026-06-17T14:36:15+01:00,DDMOEA-GAN,DDMOEA-GAN,re22,1.04E+06,1.16E-10,1.62E+04,3.64E-12,1.21E+00,0,1.20E+00,4.44E-16
2026-06-17T14:36:15+01:00,DDMOEA-GAN,DDMOEA-GAN,re23,9.82E+10,1.53E-05,1.45E+10,2.04E+08,1.21E+00,2.22E-16,9.96E-01,4.06E-02
2026-06-17T14:36:15+01:00,DDMOEA-GAN,DDMOEA-GAN,re24,5.44E+06,1.86E-09,2.43E+06,1.32E+05,1.20E+00,1.05E-09,4.74E-01,1.02E-02
2026-06-17T14:36:15+01:00,DDMOEA-GAN,DDMOEA-GAN,re25,1.02E+12,0,9.83E+11,1.08E+12,1.14E+00,8.17E-07,1.11E+00,9.24E-03
2026-06-17T14:36:15+01:00,DDMOEA-GAN,DDMOEA-GAN,mo-portfolio,2.05E-01,2.78E-17,7.00E-01,6.79E-02,2.72E-02,4.60E-02,0,0
2026-06-17T14:36:15+01:00,DDMOEA-GAN,DDMOEA-GAN,truss2d,2.98E+10,3.82E-06,1.30E+23,3.95E+23,8.84E-01,7.53E-06,1.21E+00,8.81E-04
2026-06-17T14:36:15+01:00,DDMOEA-GAN,DDMOEA-GAN,welded_beam,3.90E+03,9.10E-13,1.37E+05,3.26E+05,7.06E-01,3.24E-05,5.88E-01,8.39E-03
2026-06-17T15:11:37+01:00,XGBoost,NSGA-II,re21,1.72E+03,6.82E-13,1.12E+03,2.08E+02,5.34E-01,4.23E-04,5.32E-01,6.08E-03
2026-06-17T15:11:37+01:00,XGBoost,NSGA-II,re22,8.74E+03,3.64E-12,7.81E+02,7.21E+01,1.19E+00,9.78E-03,1.18E+00,7.88E-03
2026-06-17T15:11:37+01:00,XGBoost,NSGA-II,re23,1.66E+09,2.38E-07,5.10E+09,2.87E+09,1.21E+00,4.61E-05,1.21E+00,1.23E-04
2026-06-17T15:11:37+01:00,XGBoost,NSGA-II,re24,2.68E+02,1.14E-13,5.65E+01,1.29E+01,1.18E+00,2.22E-16,1.18E+00,2.54E-04
2026-06-17T15:11:37+01:00,XGBoost,NSGA-II,re25,8.33E+10,1.53E-05,2.51E+10,1.05E+10,1.12E+00,5.75E-04,1.12E+00,5.81E-05
2026-06-17T15:11:37+01:00,XGBoost,NSGA-II,mo-portfolio,5.78E-05,1.36E-20,1.02E-04,4.55E-05,1.35E-01,1.37E-03,1.72E-01,1.02E-02
2026-06-17T15:11:37+01:00,XGBoost,NSGA-II,truss2d,2.17E+12,4.88E-04,1.22E+07,3.74E+06,1.11E+00,1.54E-03,1.12E+00,9.42E-03
2026-06-17T15:11:37+01:00,XGBoost,NSGA-II,welded_beam,3.05E+04,3.64E-12,6.05E+00,3.25E+00,5.92E-01,1.95E-03,5.90E-01,3.19E-03
2026-06-17T16:24:16+01:00,Autogluon_Ensemble,NSGA-II,re21,4.30E+01,1.42E-14,1.34E+03,1.38E+02,5.24E-01,1.03E-04,5.71E-01,3.96E-04
2026-06-17T16:24:16+01:00,Autogluon_Ensemble,NSGA-II,re22,6.80E+03,9.10E-13,1.92E+05,1.15E+05,1.16E+00,6.47E-06,1.20E+00,8.35E-08
2026-06-17T16:24:16+01:00,Autogluon_Ensemble,NSGA-II,re23,1.27E+09,4.77E-07,7.48E+09,2.92E+09,1.23E+00,1.81E-03,1.21E+00,7.62E-06
2026-06-17T16:24:16+01:00,Autogluon_Ensemble,NSGA-II,re24,2.31E+01,0,1.08E+02,3.23E+01,1.18E+00,5.41E-06,1.19E+00,6.23E-05
2026-06-17T16:24:16+01:00,Autogluon_Ensemble,NSGA-II,re25,1.56E+10,3.82E-06,6.61E+10,9.32E+09,1.12E+00,3.48E-04,1.12E+00,1.93E-06
2026-06-17T16:24:16+01:00,Autogluon_Ensemble,NSGA-II,mo-portfolio,2.87E-06,1.27E-21,5.09E-04,5.87E-05,1.44E-01,1.47E-04,2.30E-01,5.35E-03
2026-06-17T16:24:16+01:00,Autogluon_Ensemble,NSGA-II,truss2d,2.31E+12,0,1.57E+08,7.49E+07,1.11E+00,1.45E-03,1.13E+00,3.48E-03
2026-06-17T16:24:16+01:00,Autogluon_Ensemble,NSGA-II,welded_beam,1.32E+04,3.64E-12,2.02E-01,2.66E-01,5.93E-01,1.01E-03,5.92E-01,1.01E-03
2026-06-18T17:47:25+01:00,TabPFN_3,NSGA-II,re21,5.40E-01,0,1.42E+01,1.12E+00,5.79E-01,3.06E-04,5.72E-01,2.97E-04
2026-06-18T17:47:25+01:00,TabPFN_3,NSGA-II,re22,1.27E+03,0,1.87E+06,3.73E+06,1.21E+00,1.88E-03,1.20E+00,3.14E-05
2026-06-18T17:47:25+01:00,TabPFN_3,NSGA-II,re23,1.37E+08,0,4.64E+08,4.16E+07,1.21E+00,1.62E-04,1.21E+00,1.07E-06
2026-06-18T17:47:25+01:00,TabPFN_3,NSGA-II,re24,3.45E+00,0,1.70E+01,1.30E+01,1.19E+00,1.23E-04,1.19E+00,6.80E-05
2026-06-18T17:47:25+01:00,TabPFN_3,NSGA-II,re25,3.41E+10,0,3.15E+08,6.58E+07,1.12E+00,3.21E-05,1.12E+00,5.87E-05
2026-06-18T17:47:25+01:00,TabPFN_3,NSGA-II,mo-portfolio,1.88E-07,0,9.44E-05,3.37E-05,2.99E-01,1.12E-02,2.72E-01,1.06E-02
2026-06-18T17:47:25+01:00,TabPFN_3,NSGA-II,truss2d,1.94E+12,2.44E-04,1.88E+07,1.44E+06,1.14E+00,9.68E-04,1.14E+00,9.23E-04
2026-06-18T17:47:25+01:00,TabPFN_3,NSGA-II,welded_beam,1.32E+02,0,9.24E-02,1.14E-01,5.93E-01,9.46E-04,5.93E-01,1.04E-03